{"text": " This is a test. I'm just testing Kraying a voice memo for transcription. That's transcribeless.", "segments": [{"id": 0, "seek": 0, "start": 0.0, "end": 7.12, "text": " This is a test. I'm just testing Kraying a voice memo for transcription. That's", "tokens": [50364, 639, 307, 257, 1500, 13, 286, 478, 445, 4997, 591, 3458, 278, 257, 3177, 35900, 337, 35288, 13, 663, 311, 50720], "temperature": 0.0, "avg_logprob": -0.5080867449442545, "compression_ratio": 1.1176470588235294, "no_speech_prob": 0.12081360816955566}, {"id": 1, "seek": 0, "start": 7.12, "end": 10.36, "text": " transcribeless.", "tokens": [50720, 1145, 1142, 65, 4272, 13, 50882], "temperature": 0.0, "avg_logprob": -0.5080867449442545, "compression_ratio": 1.1176470588235294, "no_speech_prob": 0.12081360816955566}], "language": "en"}